{"cameraMode":{"drawMode":0,"name":"Shaded","section":"Shading Mode"},"sceneLighting":false,"audioPlay":false,"sceneViewState":{"m_AlwaysRefresh":false,"showFog":true,"showSkybox":false,"showFlares":true,"showImageEffects":true,"showParticleSystems":true,"showVisualEffectGraphs":true,"m_FxEnabled":true},"in2DMode":false,"pivot":{"x":0.0000010728836059570313,"y":1.0960898399353028,"z":0.45644229650497439},"rotation":{"x":0.3576119840145111,"y":0.05178428441286087,"z":-0.01987021043896675,"w":0.9321956634521484},"size":2.2763352394104006,"orthographic":false}