{"cameraMode":{"drawMode":0,"name":"Shaded","section":"Shading Mode"},"sceneLighting":false,"audioPlay":false,"sceneViewState":{"m_AlwaysRefresh":false,"showFog":true,"showSkybox":false,"showFlares":true,"showImageEffects":true,"showParticleSystems":true,"showVisualEffectGraphs":true,"m_FxEnabled":true},"in2DMode":false,"pivot":{"x":-10.300000190734864,"y":0.4434177875518799,"z":-1.5217952728271485},"rotation":{"x":-0.049069587141275409,"y":0.7320103049278259,"z":-0.053025003522634509,"w":-0.6774393916130066},"size":32.28836441040039,"orthographic":false}